[
{
    "model": "wagtailcore.site",
    "fields": {
        "hostname": "localhost",
        "port": 80,
        "site_name": null,
        "root_page": 3,
        "is_default_site": true
    }
},
{
    "model": "wagtailcore.collection",
    "pk": 1,
    "fields": {
        "path": "0001",
        "depth": 1,
        "numchild": 0,
        "name": "Root"
    }
},
{
    "model": "contenttypes.contenttype",
    "fields": {
        "app_label": "wagtailcore",
        "model": "page"
    }
},
{
    "model": "contenttypes.contenttype",
    "fields": {
        "app_label": "wagtailimages",
        "model": "image"
    }
},
{
    "model": "contenttypes.contenttype",
    "fields": {
        "app_label": "home",
        "model": "homepage"
    }
},
{
    "model": "contenttypes.contenttype",
    "fields": {
        "app_label": "wagtailadmin",
        "model": "admin"
    }
},
{
    "model": "contenttypes.contenttype",
    "fields": {
        "app_label": "wagtaildocs",
        "model": "document"
    }
},
{
    "model": "contenttypes.contenttype",
    "fields": {
        "app_label": "industry",
        "model": "industrieslandingpage"
    }
},
{
    "model": "contenttypes.contenttype",
    "fields": {
        "app_label": "industry",
        "model": "industrypage"
    }
},
{
    "model": "contenttypes.contenttype",
    "fields": {
        "app_label": "setup_guide",
        "model": "setupguidelandingpage"
    }
},
{
    "model": "contenttypes.contenttype",
    "fields": {
        "app_label": "setup_guide",
        "model": "setupguidepage"
    }
},
{
    "model": "contenttypes.contenttype",
    "fields": {
        "app_label": "pir",
        "model": "pirpage"
    }
},
{
    "model": "contenttypes.contenttype",
    "fields": {
        "app_label": "pir_folder",
        "model": "pirfolderpage"
    }
},
{
    "model": "contenttypes.contenttype",
    "fields": {
        "app_label": "wagtailforms",
        "model": "formsubmission"
    }
},
{
    "model": "contenttypes.contenttype",
    "fields": {
        "app_label": "wagtailredirects",
        "model": "redirect"
    }
},
{
    "model": "contenttypes.contenttype",
    "fields": {
        "app_label": "wagtailembeds",
        "model": "embed"
    }
},
{
    "model": "contenttypes.contenttype",
    "fields": {
        "app_label": "wagtailusers",
        "model": "userprofile"
    }
},
{
    "model": "contenttypes.contenttype",
    "fields": {
        "app_label": "wagtailimages",
        "model": "rendition"
    }
},
{
    "model": "contenttypes.contenttype",
    "fields": {
        "app_label": "wagtailsearch",
        "model": "query"
    }
},
{
    "model": "contenttypes.contenttype",
    "fields": {
        "app_label": "wagtailsearch",
        "model": "querydailyhits"
    }
},
{
    "model": "contenttypes.contenttype",
    "fields": {
        "app_label": "wagtailcore",
        "model": "grouppagepermission"
    }
},
{
    "model": "contenttypes.contenttype",
    "fields": {
        "app_label": "wagtailcore",
        "model": "pagerevision"
    }
},
{
    "model": "contenttypes.contenttype",
    "fields": {
        "app_label": "wagtailcore",
        "model": "pageviewrestriction"
    }
},
{
    "model": "contenttypes.contenttype",
    "fields": {
        "app_label": "wagtailcore",
        "model": "site"
    }
},
{
    "model": "contenttypes.contenttype",
    "fields": {
        "app_label": "wagtailcore",
        "model": "collection"
    }
},
{
    "model": "contenttypes.contenttype",
    "fields": {
        "app_label": "wagtailcore",
        "model": "groupcollectionpermission"
    }
},
{
    "model": "contenttypes.contenttype",
    "fields": {
        "app_label": "wagtailcore",
        "model": "collectionviewrestriction"
    }
},
{
    "model": "contenttypes.contenttype",
    "fields": {
        "app_label": "taggit",
        "model": "tag"
    }
},
{
    "model": "contenttypes.contenttype",
    "fields": {
        "app_label": "taggit",
        "model": "taggeditem"
    }
},
{
    "model": "contenttypes.contenttype",
    "fields": {
        "app_label": "admin",
        "model": "logentry"
    }
},
{
    "model": "contenttypes.contenttype",
    "fields": {
        "app_label": "auth",
        "model": "permission"
    }
},
{
    "model": "contenttypes.contenttype",
    "fields": {
        "app_label": "auth",
        "model": "group"
    }
},
{
    "model": "contenttypes.contenttype",
    "fields": {
        "app_label": "auth",
        "model": "user"
    }
},
{
    "model": "contenttypes.contenttype",
    "fields": {
        "app_label": "contenttypes",
        "model": "contenttype"
    }
},
{
    "model": "contenttypes.contenttype",
    "fields": {
        "app_label": "sessions",
        "model": "session"
    }
},
{
    "model": "auth.permission",
    "fields": {
        "name": "Can add image",
        "content_type": [
            "wagtailimages",
            "image"
        ],
        "codename": "add_image"
    }
},
{
    "model": "auth.permission",
    "fields": {
        "name": "Can change image",
        "content_type": [
            "wagtailimages",
            "image"
        ],
        "codename": "change_image"
    }
},
{
    "model": "auth.permission",
    "fields": {
        "name": "Can delete image",
        "content_type": [
            "wagtailimages",
            "image"
        ],
        "codename": "delete_image"
    }
},
{
    "model": "auth.permission",
    "fields": {
        "name": "Can access Wagtail admin",
        "content_type": [
            "wagtailadmin",
            "admin"
        ],
        "codename": "access_admin"
    }
},
{
    "model": "auth.permission",
    "fields": {
        "name": "Can add document",
        "content_type": [
            "wagtaildocs",
            "document"
        ],
        "codename": "add_document"
    }
},
{
    "model": "auth.permission",
    "fields": {
        "name": "Can change document",
        "content_type": [
            "wagtaildocs",
            "document"
        ],
        "codename": "change_document"
    }
},
{
    "model": "auth.permission",
    "fields": {
        "name": "Can delete document",
        "content_type": [
            "wagtaildocs",
            "document"
        ],
        "codename": "delete_document"
    }
},
{
    "model": "auth.permission",
    "fields": {
        "name": "Can add home page",
        "content_type": [
            "home",
            "homepage"
        ],
        "codename": "add_homepage"
    }
},
{
    "model": "auth.permission",
    "fields": {
        "name": "Can change home page",
        "content_type": [
            "home",
            "homepage"
        ],
        "codename": "change_homepage"
    }
},
{
    "model": "auth.permission",
    "fields": {
        "name": "Can delete home page",
        "content_type": [
            "home",
            "homepage"
        ],
        "codename": "delete_homepage"
    }
},
{
    "model": "auth.permission",
    "fields": {
        "name": "Can add industries landing page",
        "content_type": [
            "industry",
            "industrieslandingpage"
        ],
        "codename": "add_industrieslandingpage"
    }
},
{
    "model": "auth.permission",
    "fields": {
        "name": "Can change industries landing page",
        "content_type": [
            "industry",
            "industrieslandingpage"
        ],
        "codename": "change_industrieslandingpage"
    }
},
{
    "model": "auth.permission",
    "fields": {
        "name": "Can delete industries landing page",
        "content_type": [
            "industry",
            "industrieslandingpage"
        ],
        "codename": "delete_industrieslandingpage"
    }
},
{
    "model": "auth.permission",
    "fields": {
        "name": "Can add industry page",
        "content_type": [
            "industry",
            "industrypage"
        ],
        "codename": "add_industrypage"
    }
},
{
    "model": "auth.permission",
    "fields": {
        "name": "Can change industry page",
        "content_type": [
            "industry",
            "industrypage"
        ],
        "codename": "change_industrypage"
    }
},
{
    "model": "auth.permission",
    "fields": {
        "name": "Can delete industry page",
        "content_type": [
            "industry",
            "industrypage"
        ],
        "codename": "delete_industrypage"
    }
},
{
    "model": "auth.permission",
    "fields": {
        "name": "Can add setup guide landing page",
        "content_type": [
            "setup_guide",
            "setupguidelandingpage"
        ],
        "codename": "add_setupguidelandingpage"
    }
},
{
    "model": "auth.permission",
    "fields": {
        "name": "Can change setup guide landing page",
        "content_type": [
            "setup_guide",
            "setupguidelandingpage"
        ],
        "codename": "change_setupguidelandingpage"
    }
},
{
    "model": "auth.permission",
    "fields": {
        "name": "Can delete setup guide landing page",
        "content_type": [
            "setup_guide",
            "setupguidelandingpage"
        ],
        "codename": "delete_setupguidelandingpage"
    }
},
{
    "model": "auth.permission",
    "fields": {
        "name": "Can add setup guide page",
        "content_type": [
            "setup_guide",
            "setupguidepage"
        ],
        "codename": "add_setupguidepage"
    }
},
{
    "model": "auth.permission",
    "fields": {
        "name": "Can change setup guide page",
        "content_type": [
            "setup_guide",
            "setupguidepage"
        ],
        "codename": "change_setupguidepage"
    }
},
{
    "model": "auth.permission",
    "fields": {
        "name": "Can delete setup guide page",
        "content_type": [
            "setup_guide",
            "setupguidepage"
        ],
        "codename": "delete_setupguidepage"
    }
},
{
    "model": "auth.permission",
    "fields": {
        "name": "Can add pir page",
        "content_type": [
            "pir",
            "pirpage"
        ],
        "codename": "add_pirpage"
    }
},
{
    "model": "auth.permission",
    "fields": {
        "name": "Can change pir page",
        "content_type": [
            "pir",
            "pirpage"
        ],
        "codename": "change_pirpage"
    }
},
{
    "model": "auth.permission",
    "fields": {
        "name": "Can delete pir page",
        "content_type": [
            "pir",
            "pirpage"
        ],
        "codename": "delete_pirpage"
    }
},
{
    "model": "auth.permission",
    "fields": {
        "name": "Can add pir folder page",
        "content_type": [
            "pir_folder",
            "pirfolderpage"
        ],
        "codename": "add_pirfolderpage"
    }
},
{
    "model": "auth.permission",
    "fields": {
        "name": "Can change pir folder page",
        "content_type": [
            "pir_folder",
            "pirfolderpage"
        ],
        "codename": "change_pirfolderpage"
    }
},
{
    "model": "auth.permission",
    "fields": {
        "name": "Can delete pir folder page",
        "content_type": [
            "pir_folder",
            "pirfolderpage"
        ],
        "codename": "delete_pirfolderpage"
    }
},
{
    "model": "auth.permission",
    "fields": {
        "name": "Can add form submission",
        "content_type": [
            "wagtailforms",
            "formsubmission"
        ],
        "codename": "add_formsubmission"
    }
},
{
    "model": "auth.permission",
    "fields": {
        "name": "Can change form submission",
        "content_type": [
            "wagtailforms",
            "formsubmission"
        ],
        "codename": "change_formsubmission"
    }
},
{
    "model": "auth.permission",
    "fields": {
        "name": "Can delete form submission",
        "content_type": [
            "wagtailforms",
            "formsubmission"
        ],
        "codename": "delete_formsubmission"
    }
},
{
    "model": "auth.permission",
    "fields": {
        "name": "Can add redirect",
        "content_type": [
            "wagtailredirects",
            "redirect"
        ],
        "codename": "add_redirect"
    }
},
{
    "model": "auth.permission",
    "fields": {
        "name": "Can change redirect",
        "content_type": [
            "wagtailredirects",
            "redirect"
        ],
        "codename": "change_redirect"
    }
},
{
    "model": "auth.permission",
    "fields": {
        "name": "Can delete redirect",
        "content_type": [
            "wagtailredirects",
            "redirect"
        ],
        "codename": "delete_redirect"
    }
},
{
    "model": "auth.permission",
    "fields": {
        "name": "Can add embed",
        "content_type": [
            "wagtailembeds",
            "embed"
        ],
        "codename": "add_embed"
    }
},
{
    "model": "auth.permission",
    "fields": {
        "name": "Can change embed",
        "content_type": [
            "wagtailembeds",
            "embed"
        ],
        "codename": "change_embed"
    }
},
{
    "model": "auth.permission",
    "fields": {
        "name": "Can delete embed",
        "content_type": [
            "wagtailembeds",
            "embed"
        ],
        "codename": "delete_embed"
    }
},
{
    "model": "auth.permission",
    "fields": {
        "name": "Can add user profile",
        "content_type": [
            "wagtailusers",
            "userprofile"
        ],
        "codename": "add_userprofile"
    }
},
{
    "model": "auth.permission",
    "fields": {
        "name": "Can change user profile",
        "content_type": [
            "wagtailusers",
            "userprofile"
        ],
        "codename": "change_userprofile"
    }
},
{
    "model": "auth.permission",
    "fields": {
        "name": "Can delete user profile",
        "content_type": [
            "wagtailusers",
            "userprofile"
        ],
        "codename": "delete_userprofile"
    }
},
{
    "model": "auth.permission",
    "fields": {
        "name": "Can add rendition",
        "content_type": [
            "wagtailimages",
            "rendition"
        ],
        "codename": "add_rendition"
    }
},
{
    "model": "auth.permission",
    "fields": {
        "name": "Can change rendition",
        "content_type": [
            "wagtailimages",
            "rendition"
        ],
        "codename": "change_rendition"
    }
},
{
    "model": "auth.permission",
    "fields": {
        "name": "Can delete rendition",
        "content_type": [
            "wagtailimages",
            "rendition"
        ],
        "codename": "delete_rendition"
    }
},
{
    "model": "auth.permission",
    "fields": {
        "name": "Can add query",
        "content_type": [
            "wagtailsearch",
            "query"
        ],
        "codename": "add_query"
    }
},
{
    "model": "auth.permission",
    "fields": {
        "name": "Can change query",
        "content_type": [
            "wagtailsearch",
            "query"
        ],
        "codename": "change_query"
    }
},
{
    "model": "auth.permission",
    "fields": {
        "name": "Can delete query",
        "content_type": [
            "wagtailsearch",
            "query"
        ],
        "codename": "delete_query"
    }
},
{
    "model": "auth.permission",
    "fields": {
        "name": "Can add Query Daily Hits",
        "content_type": [
            "wagtailsearch",
            "querydailyhits"
        ],
        "codename": "add_querydailyhits"
    }
},
{
    "model": "auth.permission",
    "fields": {
        "name": "Can change Query Daily Hits",
        "content_type": [
            "wagtailsearch",
            "querydailyhits"
        ],
        "codename": "change_querydailyhits"
    }
},
{
    "model": "auth.permission",
    "fields": {
        "name": "Can delete Query Daily Hits",
        "content_type": [
            "wagtailsearch",
            "querydailyhits"
        ],
        "codename": "delete_querydailyhits"
    }
},
{
    "model": "auth.permission",
    "fields": {
        "name": "Can add page",
        "content_type": [
            "wagtailcore",
            "page"
        ],
        "codename": "add_page"
    }
},
{
    "model": "auth.permission",
    "fields": {
        "name": "Can change page",
        "content_type": [
            "wagtailcore",
            "page"
        ],
        "codename": "change_page"
    }
},
{
    "model": "auth.permission",
    "fields": {
        "name": "Can delete page",
        "content_type": [
            "wagtailcore",
            "page"
        ],
        "codename": "delete_page"
    }
},
{
    "model": "auth.permission",
    "fields": {
        "name": "Can add group page permission",
        "content_type": [
            "wagtailcore",
            "grouppagepermission"
        ],
        "codename": "add_grouppagepermission"
    }
},
{
    "model": "auth.permission",
    "fields": {
        "name": "Can change group page permission",
        "content_type": [
            "wagtailcore",
            "grouppagepermission"
        ],
        "codename": "change_grouppagepermission"
    }
},
{
    "model": "auth.permission",
    "fields": {
        "name": "Can delete group page permission",
        "content_type": [
            "wagtailcore",
            "grouppagepermission"
        ],
        "codename": "delete_grouppagepermission"
    }
},
{
    "model": "auth.permission",
    "fields": {
        "name": "Can add page revision",
        "content_type": [
            "wagtailcore",
            "pagerevision"
        ],
        "codename": "add_pagerevision"
    }
},
{
    "model": "auth.permission",
    "fields": {
        "name": "Can change page revision",
        "content_type": [
            "wagtailcore",
            "pagerevision"
        ],
        "codename": "change_pagerevision"
    }
},
{
    "model": "auth.permission",
    "fields": {
        "name": "Can delete page revision",
        "content_type": [
            "wagtailcore",
            "pagerevision"
        ],
        "codename": "delete_pagerevision"
    }
},
{
    "model": "auth.permission",
    "fields": {
        "name": "Can add page view restriction",
        "content_type": [
            "wagtailcore",
            "pageviewrestriction"
        ],
        "codename": "add_pageviewrestriction"
    }
},
{
    "model": "auth.permission",
    "fields": {
        "name": "Can change page view restriction",
        "content_type": [
            "wagtailcore",
            "pageviewrestriction"
        ],
        "codename": "change_pageviewrestriction"
    }
},
{
    "model": "auth.permission",
    "fields": {
        "name": "Can delete page view restriction",
        "content_type": [
            "wagtailcore",
            "pageviewrestriction"
        ],
        "codename": "delete_pageviewrestriction"
    }
},
{
    "model": "auth.permission",
    "fields": {
        "name": "Can add site",
        "content_type": [
            "wagtailcore",
            "site"
        ],
        "codename": "add_site"
    }
},
{
    "model": "auth.permission",
    "fields": {
        "name": "Can change site",
        "content_type": [
            "wagtailcore",
            "site"
        ],
        "codename": "change_site"
    }
},
{
    "model": "auth.permission",
    "fields": {
        "name": "Can delete site",
        "content_type": [
            "wagtailcore",
            "site"
        ],
        "codename": "delete_site"
    }
},
{
    "model": "auth.permission",
    "fields": {
        "name": "Can add collection",
        "content_type": [
            "wagtailcore",
            "collection"
        ],
        "codename": "add_collection"
    }
},
{
    "model": "auth.permission",
    "fields": {
        "name": "Can change collection",
        "content_type": [
            "wagtailcore",
            "collection"
        ],
        "codename": "change_collection"
    }
},
{
    "model": "auth.permission",
    "fields": {
        "name": "Can delete collection",
        "content_type": [
            "wagtailcore",
            "collection"
        ],
        "codename": "delete_collection"
    }
},
{
    "model": "auth.permission",
    "fields": {
        "name": "Can add group collection permission",
        "content_type": [
            "wagtailcore",
            "groupcollectionpermission"
        ],
        "codename": "add_groupcollectionpermission"
    }
},
{
    "model": "auth.permission",
    "fields": {
        "name": "Can change group collection permission",
        "content_type": [
            "wagtailcore",
            "groupcollectionpermission"
        ],
        "codename": "change_groupcollectionpermission"
    }
},
{
    "model": "auth.permission",
    "fields": {
        "name": "Can delete group collection permission",
        "content_type": [
            "wagtailcore",
            "groupcollectionpermission"
        ],
        "codename": "delete_groupcollectionpermission"
    }
},
{
    "model": "auth.permission",
    "fields": {
        "name": "Can add collection view restriction",
        "content_type": [
            "wagtailcore",
            "collectionviewrestriction"
        ],
        "codename": "add_collectionviewrestriction"
    }
},
{
    "model": "auth.permission",
    "fields": {
        "name": "Can change collection view restriction",
        "content_type": [
            "wagtailcore",
            "collectionviewrestriction"
        ],
        "codename": "change_collectionviewrestriction"
    }
},
{
    "model": "auth.permission",
    "fields": {
        "name": "Can delete collection view restriction",
        "content_type": [
            "wagtailcore",
            "collectionviewrestriction"
        ],
        "codename": "delete_collectionviewrestriction"
    }
},
{
    "model": "auth.permission",
    "fields": {
        "name": "Can add Tag",
        "content_type": [
            "taggit",
            "tag"
        ],
        "codename": "add_tag"
    }
},
{
    "model": "auth.permission",
    "fields": {
        "name": "Can change Tag",
        "content_type": [
            "taggit",
            "tag"
        ],
        "codename": "change_tag"
    }
},
{
    "model": "auth.permission",
    "fields": {
        "name": "Can delete Tag",
        "content_type": [
            "taggit",
            "tag"
        ],
        "codename": "delete_tag"
    }
},
{
    "model": "auth.permission",
    "fields": {
        "name": "Can add Tagged Item",
        "content_type": [
            "taggit",
            "taggeditem"
        ],
        "codename": "add_taggeditem"
    }
},
{
    "model": "auth.permission",
    "fields": {
        "name": "Can change Tagged Item",
        "content_type": [
            "taggit",
            "taggeditem"
        ],
        "codename": "change_taggeditem"
    }
},
{
    "model": "auth.permission",
    "fields": {
        "name": "Can delete Tagged Item",
        "content_type": [
            "taggit",
            "taggeditem"
        ],
        "codename": "delete_taggeditem"
    }
},
{
    "model": "auth.permission",
    "fields": {
        "name": "Can add log entry",
        "content_type": [
            "admin",
            "logentry"
        ],
        "codename": "add_logentry"
    }
},
{
    "model": "auth.permission",
    "fields": {
        "name": "Can change log entry",
        "content_type": [
            "admin",
            "logentry"
        ],
        "codename": "change_logentry"
    }
},
{
    "model": "auth.permission",
    "fields": {
        "name": "Can delete log entry",
        "content_type": [
            "admin",
            "logentry"
        ],
        "codename": "delete_logentry"
    }
},
{
    "model": "auth.permission",
    "fields": {
        "name": "Can add permission",
        "content_type": [
            "auth",
            "permission"
        ],
        "codename": "add_permission"
    }
},
{
    "model": "auth.permission",
    "fields": {
        "name": "Can change permission",
        "content_type": [
            "auth",
            "permission"
        ],
        "codename": "change_permission"
    }
},
{
    "model": "auth.permission",
    "fields": {
        "name": "Can delete permission",
        "content_type": [
            "auth",
            "permission"
        ],
        "codename": "delete_permission"
    }
},
{
    "model": "auth.permission",
    "fields": {
        "name": "Can add group",
        "content_type": [
            "auth",
            "group"
        ],
        "codename": "add_group"
    }
},
{
    "model": "auth.permission",
    "fields": {
        "name": "Can change group",
        "content_type": [
            "auth",
            "group"
        ],
        "codename": "change_group"
    }
},
{
    "model": "auth.permission",
    "fields": {
        "name": "Can delete group",
        "content_type": [
            "auth",
            "group"
        ],
        "codename": "delete_group"
    }
},
{
    "model": "auth.permission",
    "fields": {
        "name": "Can add user",
        "content_type": [
            "auth",
            "user"
        ],
        "codename": "add_user"
    }
},
{
    "model": "auth.permission",
    "fields": {
        "name": "Can change user",
        "content_type": [
            "auth",
            "user"
        ],
        "codename": "change_user"
    }
},
{
    "model": "auth.permission",
    "fields": {
        "name": "Can delete user",
        "content_type": [
            "auth",
            "user"
        ],
        "codename": "delete_user"
    }
},
{
    "model": "auth.permission",
    "fields": {
        "name": "Can add content type",
        "content_type": [
            "contenttypes",
            "contenttype"
        ],
        "codename": "add_contenttype"
    }
},
{
    "model": "auth.permission",
    "fields": {
        "name": "Can change content type",
        "content_type": [
            "contenttypes",
            "contenttype"
        ],
        "codename": "change_contenttype"
    }
},
{
    "model": "auth.permission",
    "fields": {
        "name": "Can delete content type",
        "content_type": [
            "contenttypes",
            "contenttype"
        ],
        "codename": "delete_contenttype"
    }
},
{
    "model": "auth.permission",
    "fields": {
        "name": "Can add session",
        "content_type": [
            "sessions",
            "session"
        ],
        "codename": "add_session"
    }
},
{
    "model": "auth.permission",
    "fields": {
        "name": "Can change session",
        "content_type": [
            "sessions",
            "session"
        ],
        "codename": "change_session"
    }
},
{
    "model": "auth.permission",
    "fields": {
        "name": "Can delete session",
        "content_type": [
            "sessions",
            "session"
        ],
        "codename": "delete_session"
    }
},
{
    "model": "auth.group",
    "fields": {
        "name": "Moderators",
        "permissions": [
            [
                "access_admin",
                "wagtailadmin",
                "admin"
            ],
            [
                "add_document",
                "wagtaildocs",
                "document"
            ],
            [
                "change_document",
                "wagtaildocs",
                "document"
            ],
            [
                "delete_document",
                "wagtaildocs",
                "document"
            ],
            [
                "add_image",
                "wagtailimages",
                "image"
            ],
            [
                "change_image",
                "wagtailimages",
                "image"
            ],
            [
                "delete_image",
                "wagtailimages",
                "image"
            ]
        ]
    }
},
{
    "model": "auth.group",
    "fields": {
        "name": "Editors",
        "permissions": [
            [
                "access_admin",
                "wagtailadmin",
                "admin"
            ],
            [
                "add_document",
                "wagtaildocs",
                "document"
            ],
            [
                "change_document",
                "wagtaildocs",
                "document"
            ],
            [
                "delete_document",
                "wagtaildocs",
                "document"
            ],
            [
                "add_image",
                "wagtailimages",
                "image"
            ],
            [
                "change_image",
                "wagtailimages",
                "image"
            ],
            [
                "delete_image",
                "wagtailimages",
                "image"
            ]
        ]
    }
},
{
    "model": "auth.user",
    "fields": {
        "password": "pbkdf2_sha256$36000$okiH0ba9PvIS$OR0ViGdlXFyIH/7e1gCnuee5zX/hVdlo/vFo+DoK0NE=",
        "last_login": "2018-02-28T11:37:20.830Z",
        "is_superuser": true,
        "username": "admin",
        "first_name": "",
        "last_name": "",
        "email": "admin@example.com",
        "is_staff": true,
        "is_active": true,
        "date_joined": "2018-02-28T11:37:12.718Z",
        "groups": [],
        "user_permissions": []
    }
},
{
    "model": "wagtailcore.groupcollectionpermission",
    "pk": 1,
    "fields": {
        "group": [
            "Editors"
        ],
        "collection": 1,
        "permission": [
            "add_image",
            "wagtailimages",
            "image"
        ]
    }
},
{
    "model": "wagtailcore.groupcollectionpermission",
    "pk": 2,
    "fields": {
        "group": [
            "Moderators"
        ],
        "collection": 1,
        "permission": [
            "add_image",
            "wagtailimages",
            "image"
        ]
    }
},
{
    "model": "wagtailcore.groupcollectionpermission",
    "pk": 3,
    "fields": {
        "group": [
            "Editors"
        ],
        "collection": 1,
        "permission": [
            "change_image",
            "wagtailimages",
            "image"
        ]
    }
},
{
    "model": "wagtailcore.groupcollectionpermission",
    "pk": 4,
    "fields": {
        "group": [
            "Moderators"
        ],
        "collection": 1,
        "permission": [
            "change_image",
            "wagtailimages",
            "image"
        ]
    }
},
{
    "model": "wagtailcore.groupcollectionpermission",
    "pk": 5,
    "fields": {
        "group": [
            "Editors"
        ],
        "collection": 1,
        "permission": [
            "add_document",
            "wagtaildocs",
            "document"
        ]
    }
},
{
    "model": "wagtailcore.groupcollectionpermission",
    "pk": 6,
    "fields": {
        "group": [
            "Moderators"
        ],
        "collection": 1,
        "permission": [
            "add_document",
            "wagtaildocs",
            "document"
        ]
    }
},
{
    "model": "wagtailcore.groupcollectionpermission",
    "pk": 7,
    "fields": {
        "group": [
            "Editors"
        ],
        "collection": 1,
        "permission": [
            "change_document",
            "wagtaildocs",
            "document"
        ]
    }
},
{
    "model": "wagtailcore.groupcollectionpermission",
    "pk": 8,
    "fields": {
        "group": [
            "Moderators"
        ],
        "collection": 1,
        "permission": [
            "change_document",
            "wagtaildocs",
            "document"
        ]
    }
},
{
    "model": "wagtailcore.grouppagepermission",
    "pk": 1,
    "fields": {
        "group": [
            "Moderators"
        ],
        "page": 1,
        "permission_type": "add"
    }
},
{
    "model": "wagtailcore.grouppagepermission",
    "pk": 2,
    "fields": {
        "group": [
            "Moderators"
        ],
        "page": 1,
        "permission_type": "edit"
    }
},
{
    "model": "wagtailcore.grouppagepermission",
    "pk": 3,
    "fields": {
        "group": [
            "Moderators"
        ],
        "page": 1,
        "permission_type": "publish"
    }
},
{
    "model": "wagtailcore.grouppagepermission",
    "pk": 4,
    "fields": {
        "group": [
            "Editors"
        ],
        "page": 1,
        "permission_type": "add"
    }
},
{
    "model": "wagtailcore.grouppagepermission",
    "pk": 5,
    "fields": {
        "group": [
            "Editors"
        ],
        "page": 1,
        "permission_type": "edit"
    }
},
{
    "model": "wagtailcore.grouppagepermission",
    "pk": 6,
    "fields": {
        "group": [
            "Moderators"
        ],
        "page": 1,
        "permission_type": "lock"
    }
},
{
    "model": "wagtailcore.pagerevision",
    "pk": 1,
    "fields": {
        "page": 4,
        "submitted_for_moderation": false,
        "created_at": "2018-02-28T11:37:45.027Z",
        "user": [
            "admin"
        ],
        "content_json": "{\"pk\": 4, \"path\": \"00010002\", \"depth\": 2, \"numchild\": 0, \"title\": \"PIR (all sections)\", \"draft_title\": \"PIR (all sections)\", \"slug\": \"pir-all-sections\", \"content_type\": 11, \"live\": true, \"has_unpublished_changes\": false, \"url_path\": \"/pir-all-sections/\", \"owner\": 1, \"seo_title\": \"\", \"show_in_menus\": false, \"search_description\": \"\", \"go_live_at\": null, \"expire_at\": null, \"expired\": false, \"locked\": false, \"first_published_at\": null, \"last_published_at\": null, \"latest_revision_created_at\": null, \"live_revision\": null, \"section\": null}",
        "approved_go_live_at": null
    }
},
{
    "model": "wagtailcore.pagerevision",
    "pk": 2,
    "fields": {
        "page": 5,
        "submitted_for_moderation": false,
        "created_at": "2018-02-28T11:38:04.252Z",
        "user": [
            "admin"
        ],
        "content_json": "{\"pk\": 5, \"path\": \"000100020001\", \"depth\": 3, \"numchild\": 0, \"title\": \"Front Page\", \"draft_title\": \"Front Page\", \"slug\": \"front-page\", \"content_type\": 11, \"live\": true, \"has_unpublished_changes\": false, \"url_path\": \"/pir-all-sections/front-page/\", \"owner\": 1, \"seo_title\": \"\", \"show_in_menus\": false, \"search_description\": \"\", \"go_live_at\": null, \"expire_at\": null, \"expired\": false, \"locked\": false, \"first_published_at\": null, \"last_published_at\": null, \"latest_revision_created_at\": null, \"live_revision\": null, \"section\": 0}",
        "approved_go_live_at": null
    }
},
{
    "model": "wagtailcore.pagerevision",
    "pk": 3,
    "fields": {
        "page": 6,
        "submitted_for_moderation": false,
        "created_at": "2018-02-28T11:55:45.325Z",
        "user": [
            "admin"
        ],
        "content_json": "{\"pk\": 6, \"path\": \"000100020002\", \"depth\": 3, \"numchild\": 0, \"title\": \"Sector Overview\", \"draft_title\": \"Sector Overview\", \"slug\": \"sector-overview\", \"content_type\": 11, \"live\": true, \"has_unpublished_changes\": false, \"url_path\": \"/pir-all-sections/sector-overview/\", \"owner\": 1, \"seo_title\": \"\", \"show_in_menus\": false, \"search_description\": \"\", \"go_live_at\": null, \"expire_at\": null, \"expired\": false, \"locked\": false, \"first_published_at\": null, \"last_published_at\": null, \"latest_revision_created_at\": null, \"live_revision\": null, \"section\": 1}",
        "approved_go_live_at": null
    }
},
{
    "model": "wagtailcore.pagerevision",
    "pk": 4,
    "fields": {
        "page": 7,
        "submitted_for_moderation": false,
        "created_at": "2018-02-28T11:56:13.376Z",
        "user": [
            "admin"
        ],
        "content_json": "{\"pk\": 7, \"path\": \"000100020003\", \"depth\": 3, \"numchild\": 0, \"title\": \"Killer Facts\", \"draft_title\": \"Killer Facts\", \"slug\": \"killer-facts\", \"content_type\": 11, \"live\": true, \"has_unpublished_changes\": false, \"url_path\": \"/pir-all-sections/killer-facts/\", \"owner\": 1, \"seo_title\": \"\", \"show_in_menus\": false, \"search_description\": \"\", \"go_live_at\": null, \"expire_at\": null, \"expired\": false, \"locked\": false, \"first_published_at\": null, \"last_published_at\": null, \"latest_revision_created_at\": null, \"live_revision\": null, \"section\": 2}",
        "approved_go_live_at": null
    }
},
{
    "model": "wagtailcore.pagerevision",
    "pk": 5,
    "fields": {
        "page": 8,
        "submitted_for_moderation": false,
        "created_at": "2018-02-28T11:56:33.547Z",
        "user": [
            "admin"
        ],
        "content_json": "{\"pk\": 8, \"path\": \"000100020004\", \"depth\": 3, \"numchild\": 0, \"title\": \"Macro Context Between Countries\", \"draft_title\": \"Macro Context Between Countries\", \"slug\": \"macro-context-between-countries\", \"content_type\": 11, \"live\": true, \"has_unpublished_changes\": false, \"url_path\": \"/pir-all-sections/macro-context-between-countries/\", \"owner\": 1, \"seo_title\": \"\", \"show_in_menus\": false, \"search_description\": \"\", \"go_live_at\": null, \"expire_at\": null, \"expired\": false, \"locked\": false, \"first_published_at\": null, \"last_published_at\": null, \"latest_revision_created_at\": null, \"live_revision\": null, \"section\": 3}",
        "approved_go_live_at": null
    }
},
{
    "model": "wagtailcore.pagerevision",
    "pk": 6,
    "fields": {
        "page": 9,
        "submitted_for_moderation": false,
        "created_at": "2018-02-28T11:56:50.806Z",
        "user": [
            "admin"
        ],
        "content_json": "{\"pk\": 9, \"path\": \"000100020005\", \"depth\": 3, \"numchild\": 0, \"title\": \"UK Market Overview\", \"draft_title\": \"UK Market Overview\", \"slug\": \"uk-market-overview\", \"content_type\": 11, \"live\": true, \"has_unpublished_changes\": false, \"url_path\": \"/pir-all-sections/uk-market-overview/\", \"owner\": 1, \"seo_title\": \"\", \"show_in_menus\": false, \"search_description\": \"\", \"go_live_at\": null, \"expire_at\": null, \"expired\": false, \"locked\": false, \"first_published_at\": null, \"last_published_at\": null, \"latest_revision_created_at\": null, \"live_revision\": null, \"section\": 4}",
        "approved_go_live_at": null
    }
},
{
    "model": "wagtailcore.pagerevision",
    "pk": 7,
    "fields": {
        "page": 10,
        "submitted_for_moderation": false,
        "created_at": "2018-02-28T11:57:34.410Z",
        "user": [
            "admin"
        ],
        "content_json": "{\"pk\": 10, \"path\": \"000100020006\", \"depth\": 3, \"numchild\": 0, \"title\": \"UK Business Info\", \"draft_title\": \"UK Business Info\", \"slug\": \"uk-business-info\", \"content_type\": 11, \"live\": true, \"has_unpublished_changes\": false, \"url_path\": \"/pir-all-sections/uk-business-info/\", \"owner\": 1, \"seo_title\": \"\", \"show_in_menus\": false, \"search_description\": \"\", \"go_live_at\": null, \"expire_at\": null, \"expired\": false, \"locked\": false, \"first_published_at\": null, \"last_published_at\": null, \"latest_revision_created_at\": null, \"live_revision\": null, \"section\": 5}",
        "approved_go_live_at": null
    }
},
{
    "model": "wagtailcore.pagerevision",
    "pk": 8,
    "fields": {
        "page": 11,
        "submitted_for_moderation": false,
        "created_at": "2018-02-28T11:57:49.893Z",
        "user": [
            "admin"
        ],
        "content_json": "{\"pk\": 11, \"path\": \"000100020007\", \"depth\": 3, \"numchild\": 0, \"title\": \"UK Geographic Overview\", \"draft_title\": \"UK Geographic Overview\", \"slug\": \"uk-geographic-overview\", \"content_type\": 11, \"live\": true, \"has_unpublished_changes\": false, \"url_path\": \"/pir-all-sections/uk-geographic-overview/\", \"owner\": 1, \"seo_title\": \"\", \"show_in_menus\": false, \"search_description\": \"\", \"go_live_at\": null, \"expire_at\": null, \"expired\": false, \"locked\": false, \"first_published_at\": null, \"last_published_at\": null, \"latest_revision_created_at\": null, \"live_revision\": null, \"section\": 6}",
        "approved_go_live_at": null
    }
},
{
    "model": "wagtailcore.pagerevision",
    "pk": 9,
    "fields": {
        "page": 12,
        "submitted_for_moderation": false,
        "created_at": "2018-02-28T11:59:38.237Z",
        "user": [
            "admin"
        ],
        "content_json": "{\"pk\": 12, \"path\": \"000100020008\", \"depth\": 3, \"numchild\": 0, \"title\": \"Talent & Education\", \"draft_title\": \"Talent & Education\", \"slug\": \"talent-education\", \"content_type\": 11, \"live\": true, \"has_unpublished_changes\": false, \"url_path\": \"/pir-all-sections/talent-education/\", \"owner\": 1, \"seo_title\": \"\", \"show_in_menus\": false, \"search_description\": \"\", \"go_live_at\": null, \"expire_at\": null, \"expired\": false, \"locked\": false, \"first_published_at\": null, \"last_published_at\": null, \"latest_revision_created_at\": null, \"live_revision\": null, \"section\": 7}",
        "approved_go_live_at": null
    }
},
{
    "model": "wagtailcore.pagerevision",
    "pk": 10,
    "fields": {
        "page": 13,
        "submitted_for_moderation": false,
        "created_at": "2018-02-28T12:00:23.851Z",
        "user": [
            "admin"
        ],
        "content_json": "{\"pk\": 13, \"path\": \"000100020009\", \"depth\": 3, \"numchild\": 0, \"title\": \"Sector Initiatives\", \"draft_title\": \"Sector Initiatives\", \"slug\": \"sector-initiatives\", \"content_type\": 11, \"live\": true, \"has_unpublished_changes\": false, \"url_path\": \"/pir-all-sections/sector-initiatives/\", \"owner\": 1, \"seo_title\": \"\", \"show_in_menus\": false, \"search_description\": \"\", \"go_live_at\": null, \"expire_at\": null, \"expired\": false, \"locked\": false, \"first_published_at\": null, \"last_published_at\": null, \"latest_revision_created_at\": null, \"live_revision\": null, \"section\": 8}",
        "approved_go_live_at": null
    }
},
{
    "model": "wagtailcore.pagerevision",
    "pk": 11,
    "fields": {
        "page": 14,
        "submitted_for_moderation": false,
        "created_at": "2018-02-28T12:00:43.111Z",
        "user": [
            "admin"
        ],
        "content_json": "{\"pk\": 14, \"path\": \"00010002000A\", \"depth\": 3, \"numchild\": 0, \"title\": \"R&D and Innovation\", \"draft_title\": \"R&D and Innovation\", \"slug\": \"rd-and-innovation\", \"content_type\": 11, \"live\": true, \"has_unpublished_changes\": false, \"url_path\": \"/pir-all-sections/rd-and-innovation/\", \"owner\": 1, \"seo_title\": \"\", \"show_in_menus\": false, \"search_description\": \"\", \"go_live_at\": null, \"expire_at\": null, \"expired\": false, \"locked\": false, \"first_published_at\": null, \"last_published_at\": null, \"latest_revision_created_at\": null, \"live_revision\": null, \"section\": 9}",
        "approved_go_live_at": null
    }
},
{
    "model": "wagtailcore.pagerevision",
    "pk": 12,
    "fields": {
        "page": 15,
        "submitted_for_moderation": false,
        "created_at": "2018-02-28T12:01:09.670Z",
        "user": [
            "admin"
        ],
        "content_json": "{\"pk\": 15, \"path\": \"00010002000B\", \"depth\": 3, \"numchild\": 0, \"title\": \"R&D Innovation Case Study - Written\", \"draft_title\": \"R&D Innovation Case Study - Written\", \"slug\": \"rd-innovation-case-study-written\", \"content_type\": 11, \"live\": true, \"has_unpublished_changes\": false, \"url_path\": \"/pir-all-sections/rd-innovation-case-study-written/\", \"owner\": 1, \"seo_title\": \"\", \"show_in_menus\": false, \"search_description\": \"\", \"go_live_at\": null, \"expire_at\": null, \"expired\": false, \"locked\": false, \"first_published_at\": null, \"last_published_at\": null, \"latest_revision_created_at\": null, \"live_revision\": null, \"section\": 10}",
        "approved_go_live_at": null
    }
},
{
    "model": "wagtailcore.pagerevision",
    "pk": 13,
    "fields": {
        "page": 16,
        "submitted_for_moderation": false,
        "created_at": "2018-02-28T12:02:49.753Z",
        "user": [
            "admin"
        ],
        "content_json": "{\"pk\": 16, \"path\": \"00010002000C\", \"depth\": 3, \"numchild\": 0, \"title\": \"Who's Here?\", \"draft_title\": \"Who's Here?\", \"slug\": \"whos-here\", \"content_type\": 11, \"live\": true, \"has_unpublished_changes\": false, \"url_path\": \"/pir-all-sections/whos-here/\", \"owner\": 1, \"seo_title\": \"\", \"show_in_menus\": false, \"search_description\": \"\", \"go_live_at\": null, \"expire_at\": null, \"expired\": false, \"locked\": false, \"first_published_at\": null, \"last_published_at\": null, \"latest_revision_created_at\": null, \"live_revision\": null, \"section\": 11}",
        "approved_go_live_at": null
    }
},
{
    "model": "wagtailcore.pagerevision",
    "pk": 14,
    "fields": {
        "page": 17,
        "submitted_for_moderation": false,
        "created_at": "2018-02-28T12:03:07.006Z",
        "user": [
            "admin"
        ],
        "content_json": "{\"pk\": 17, \"path\": \"00010002000D\", \"depth\": 3, \"numchild\": 0, \"title\": \"Video Case Study\", \"draft_title\": \"Video Case Study\", \"slug\": \"video-case-study\", \"content_type\": 11, \"live\": true, \"has_unpublished_changes\": false, \"url_path\": \"/pir-all-sections/video-case-study/\", \"owner\": 1, \"seo_title\": \"\", \"show_in_menus\": false, \"search_description\": \"\", \"go_live_at\": null, \"expire_at\": null, \"expired\": false, \"locked\": false, \"first_published_at\": null, \"last_published_at\": null, \"latest_revision_created_at\": null, \"live_revision\": null, \"section\": 12}",
        "approved_go_live_at": null
    }
},
{
    "model": "wagtailcore.pagerevision",
    "pk": 15,
    "fields": {
        "page": 18,
        "submitted_for_moderation": false,
        "created_at": "2018-02-28T12:03:41.613Z",
        "user": [
            "admin"
        ],
        "content_json": "{\"pk\": 18, \"path\": \"00010002000E\", \"depth\": 3, \"numchild\": 0, \"title\": \"Services offered by DIT\", \"draft_title\": \"Services offered by DIT\", \"slug\": \"services-offered-dit\", \"content_type\": 11, \"live\": true, \"has_unpublished_changes\": false, \"url_path\": \"/pir-all-sections/services-offered-dit/\", \"owner\": 1, \"seo_title\": \"\", \"show_in_menus\": false, \"search_description\": \"\", \"go_live_at\": null, \"expire_at\": null, \"expired\": false, \"locked\": false, \"first_published_at\": null, \"last_published_at\": null, \"latest_revision_created_at\": null, \"live_revision\": null, \"section\": 13}",
        "approved_go_live_at": null
    }
},
{
    "model": "wagtailcore.pagerevision",
    "pk": 16,
    "fields": {
        "page": 19,
        "submitted_for_moderation": false,
        "created_at": "2018-02-28T12:03:56.273Z",
        "user": [
            "admin"
        ],
        "content_json": "{\"pk\": 19, \"path\": \"00010002000F\", \"depth\": 3, \"numchild\": 0, \"title\": \"Call to Action\", \"draft_title\": \"Call to Action\", \"slug\": \"call-action\", \"content_type\": 11, \"live\": true, \"has_unpublished_changes\": false, \"url_path\": \"/pir-all-sections/call-action/\", \"owner\": 1, \"seo_title\": \"\", \"show_in_menus\": false, \"search_description\": \"\", \"go_live_at\": null, \"expire_at\": null, \"expired\": false, \"locked\": false, \"first_published_at\": null, \"last_published_at\": null, \"latest_revision_created_at\": null, \"live_revision\": null, \"section\": 14}",
        "approved_go_live_at": null
    }
},
{
    "model": "wagtailcore.pagerevision",
    "pk": 17,
    "fields": {
        "page": 20,
        "submitted_for_moderation": false,
        "created_at": "2018-02-28T12:04:10.144Z",
        "user": [
            "admin"
        ],
        "content_json": "{\"pk\": 20, \"path\": \"00010002000G\", \"depth\": 3, \"numchild\": 0, \"title\": \"Testimonials\", \"draft_title\": \"Testimonials\", \"slug\": \"testimonials\", \"content_type\": 11, \"live\": true, \"has_unpublished_changes\": false, \"url_path\": \"/pir-all-sections/testimonials/\", \"owner\": 1, \"seo_title\": \"\", \"show_in_menus\": false, \"search_description\": \"\", \"go_live_at\": null, \"expire_at\": null, \"expired\": false, \"locked\": false, \"first_published_at\": null, \"last_published_at\": null, \"latest_revision_created_at\": null, \"live_revision\": null, \"section\": 15}",
        "approved_go_live_at": null
    }
},
{
    "model": "wagtailcore.page",
    "pk": 1,
    "fields": {
        "path": "0001",
        "depth": 1,
        "numchild": 2,
        "title": "Root",
        "draft_title": "Root",
        "slug": "root",
        "content_type": [
            "wagtailcore",
            "page"
        ],
        "live": true,
        "has_unpublished_changes": false,
        "url_path": "/",
        "owner": null,
        "seo_title": "",
        "show_in_menus": false,
        "search_description": "",
        "go_live_at": null,
        "expire_at": null,
        "expired": false,
        "locked": false,
        "first_published_at": null,
        "last_published_at": null,
        "latest_revision_created_at": null,
        "live_revision": null
    }
},
{
    "model": "wagtailcore.page",
    "pk": 3,
    "fields": {
        "path": "00010001",
        "depth": 2,
        "numchild": 0,
        "title": "Home",
        "draft_title": "Home",
        "slug": "home",
        "content_type": [
            "home",
            "homepage"
        ],
        "live": true,
        "has_unpublished_changes": false,
        "url_path": "/home/",
        "owner": null,
        "seo_title": "",
        "show_in_menus": false,
        "search_description": "",
        "go_live_at": null,
        "expire_at": null,
        "expired": false,
        "locked": false,
        "first_published_at": null,
        "last_published_at": null,
        "latest_revision_created_at": null,
        "live_revision": null
    }
},
{
    "model": "wagtailcore.page",
    "pk": 4,
    "fields": {
        "path": "00010002",
        "depth": 2,
        "numchild": 16,
        "title": "PIR (all sections)",
        "draft_title": "PIR (all sections)",
        "slug": "pir-all-sections",
        "content_type": [
            "pir_folder",
            "pirfolderpage"
        ],
        "live": true,
        "has_unpublished_changes": false,
        "url_path": "/pir-all-sections/",
        "owner": [
            "admin"
        ],
        "seo_title": "",
        "show_in_menus": false,
        "search_description": "",
        "go_live_at": null,
        "expire_at": null,
        "expired": false,
        "locked": false,
        "first_published_at": "2018-02-28T11:37:45.051Z",
        "last_published_at": "2018-02-28T11:37:45.051Z",
        "latest_revision_created_at": "2018-02-28T11:37:45.027Z",
        "live_revision": 1
    }
},
{
    "model": "wagtailcore.page",
    "pk": 5,
    "fields": {
        "path": "000100020001",
        "depth": 3,
        "numchild": 0,
        "title": "Front Page",
        "draft_title": "Front Page",
        "slug": "front-page",
        "content_type": [
            "pir_folder",
            "pirfolderpage"
        ],
        "live": true,
        "has_unpublished_changes": false,
        "url_path": "/pir-all-sections/front-page/",
        "owner": [
            "admin"
        ],
        "seo_title": "",
        "show_in_menus": false,
        "search_description": "",
        "go_live_at": null,
        "expire_at": null,
        "expired": false,
        "locked": false,
        "first_published_at": "2018-02-28T11:38:04.277Z",
        "last_published_at": "2018-02-28T11:38:04.277Z",
        "latest_revision_created_at": "2018-02-28T11:38:04.252Z",
        "live_revision": 2
    }
},
{
    "model": "wagtailcore.page",
    "pk": 6,
    "fields": {
        "path": "000100020002",
        "depth": 3,
        "numchild": 0,
        "title": "Sector Overview",
        "draft_title": "Sector Overview",
        "slug": "sector-overview",
        "content_type": [
            "pir_folder",
            "pirfolderpage"
        ],
        "live": true,
        "has_unpublished_changes": false,
        "url_path": "/pir-all-sections/sector-overview/",
        "owner": [
            "admin"
        ],
        "seo_title": "",
        "show_in_menus": false,
        "search_description": "",
        "go_live_at": null,
        "expire_at": null,
        "expired": false,
        "locked": false,
        "first_published_at": "2018-02-28T11:55:45.348Z",
        "last_published_at": "2018-02-28T11:55:45.348Z",
        "latest_revision_created_at": "2018-02-28T11:55:45.325Z",
        "live_revision": 3
    }
},
{
    "model": "wagtailcore.page",
    "pk": 7,
    "fields": {
        "path": "000100020003",
        "depth": 3,
        "numchild": 0,
        "title": "Killer Facts",
        "draft_title": "Killer Facts",
        "slug": "killer-facts",
        "content_type": [
            "pir_folder",
            "pirfolderpage"
        ],
        "live": true,
        "has_unpublished_changes": false,
        "url_path": "/pir-all-sections/killer-facts/",
        "owner": [
            "admin"
        ],
        "seo_title": "",
        "show_in_menus": false,
        "search_description": "",
        "go_live_at": null,
        "expire_at": null,
        "expired": false,
        "locked": false,
        "first_published_at": "2018-02-28T11:56:13.399Z",
        "last_published_at": "2018-02-28T11:56:13.399Z",
        "latest_revision_created_at": "2018-02-28T11:56:13.376Z",
        "live_revision": 4
    }
},
{
    "model": "wagtailcore.page",
    "pk": 8,
    "fields": {
        "path": "000100020004",
        "depth": 3,
        "numchild": 0,
        "title": "Macro Context Between Countries",
        "draft_title": "Macro Context Between Countries",
        "slug": "macro-context-between-countries",
        "content_type": [
            "pir_folder",
            "pirfolderpage"
        ],
        "live": true,
        "has_unpublished_changes": false,
        "url_path": "/pir-all-sections/macro-context-between-countries/",
        "owner": [
            "admin"
        ],
        "seo_title": "",
        "show_in_menus": false,
        "search_description": "",
        "go_live_at": null,
        "expire_at": null,
        "expired": false,
        "locked": false,
        "first_published_at": "2018-02-28T11:56:33.569Z",
        "last_published_at": "2018-02-28T11:56:33.569Z",
        "latest_revision_created_at": "2018-02-28T11:56:33.547Z",
        "live_revision": 5
    }
},
{
    "model": "wagtailcore.page",
    "pk": 9,
    "fields": {
        "path": "000100020005",
        "depth": 3,
        "numchild": 0,
        "title": "UK Market Overview",
        "draft_title": "UK Market Overview",
        "slug": "uk-market-overview",
        "content_type": [
            "pir_folder",
            "pirfolderpage"
        ],
        "live": true,
        "has_unpublished_changes": false,
        "url_path": "/pir-all-sections/uk-market-overview/",
        "owner": [
            "admin"
        ],
        "seo_title": "",
        "show_in_menus": false,
        "search_description": "",
        "go_live_at": null,
        "expire_at": null,
        "expired": false,
        "locked": false,
        "first_published_at": "2018-02-28T11:56:50.830Z",
        "last_published_at": "2018-02-28T11:56:50.830Z",
        "latest_revision_created_at": "2018-02-28T11:56:50.806Z",
        "live_revision": 6
    }
},
{
    "model": "wagtailcore.page",
    "pk": 10,
    "fields": {
        "path": "000100020006",
        "depth": 3,
        "numchild": 0,
        "title": "UK Business Info",
        "draft_title": "UK Business Info",
        "slug": "uk-business-info",
        "content_type": [
            "pir_folder",
            "pirfolderpage"
        ],
        "live": true,
        "has_unpublished_changes": false,
        "url_path": "/pir-all-sections/uk-business-info/",
        "owner": [
            "admin"
        ],
        "seo_title": "",
        "show_in_menus": false,
        "search_description": "",
        "go_live_at": null,
        "expire_at": null,
        "expired": false,
        "locked": false,
        "first_published_at": "2018-02-28T11:57:34.434Z",
        "last_published_at": "2018-02-28T11:57:34.434Z",
        "latest_revision_created_at": "2018-02-28T11:57:34.410Z",
        "live_revision": 7
    }
},
{
    "model": "wagtailcore.page",
    "pk": 11,
    "fields": {
        "path": "000100020007",
        "depth": 3,
        "numchild": 0,
        "title": "UK Geographic Overview",
        "draft_title": "UK Geographic Overview",
        "slug": "uk-geographic-overview",
        "content_type": [
            "pir_folder",
            "pirfolderpage"
        ],
        "live": true,
        "has_unpublished_changes": false,
        "url_path": "/pir-all-sections/uk-geographic-overview/",
        "owner": [
            "admin"
        ],
        "seo_title": "",
        "show_in_menus": false,
        "search_description": "",
        "go_live_at": null,
        "expire_at": null,
        "expired": false,
        "locked": false,
        "first_published_at": "2018-02-28T11:57:49.915Z",
        "last_published_at": "2018-02-28T11:57:49.915Z",
        "latest_revision_created_at": "2018-02-28T11:57:49.893Z",
        "live_revision": 8
    }
},
{
    "model": "wagtailcore.page",
    "pk": 12,
    "fields": {
        "path": "000100020008",
        "depth": 3,
        "numchild": 0,
        "title": "Talent & Education",
        "draft_title": "Talent & Education",
        "slug": "talent-education",
        "content_type": [
            "pir_folder",
            "pirfolderpage"
        ],
        "live": true,
        "has_unpublished_changes": false,
        "url_path": "/pir-all-sections/talent-education/",
        "owner": [
            "admin"
        ],
        "seo_title": "",
        "show_in_menus": false,
        "search_description": "",
        "go_live_at": null,
        "expire_at": null,
        "expired": false,
        "locked": false,
        "first_published_at": "2018-02-28T11:59:38.260Z",
        "last_published_at": "2018-02-28T11:59:38.260Z",
        "latest_revision_created_at": "2018-02-28T11:59:38.237Z",
        "live_revision": 9
    }
},
{
    "model": "wagtailcore.page",
    "pk": 13,
    "fields": {
        "path": "000100020009",
        "depth": 3,
        "numchild": 0,
        "title": "Sector Initiatives",
        "draft_title": "Sector Initiatives",
        "slug": "sector-initiatives",
        "content_type": [
            "pir_folder",
            "pirfolderpage"
        ],
        "live": true,
        "has_unpublished_changes": false,
        "url_path": "/pir-all-sections/sector-initiatives/",
        "owner": [
            "admin"
        ],
        "seo_title": "",
        "show_in_menus": false,
        "search_description": "",
        "go_live_at": null,
        "expire_at": null,
        "expired": false,
        "locked": false,
        "first_published_at": "2018-02-28T12:00:23.876Z",
        "last_published_at": "2018-02-28T12:00:23.876Z",
        "latest_revision_created_at": "2018-02-28T12:00:23.851Z",
        "live_revision": 10
    }
},
{
    "model": "wagtailcore.page",
    "pk": 14,
    "fields": {
        "path": "00010002000A",
        "depth": 3,
        "numchild": 0,
        "title": "R&D and Innovation",
        "draft_title": "R&D and Innovation",
        "slug": "rd-and-innovation",
        "content_type": [
            "pir_folder",
            "pirfolderpage"
        ],
        "live": true,
        "has_unpublished_changes": false,
        "url_path": "/pir-all-sections/rd-and-innovation/",
        "owner": [
            "admin"
        ],
        "seo_title": "",
        "show_in_menus": false,
        "search_description": "",
        "go_live_at": null,
        "expire_at": null,
        "expired": false,
        "locked": false,
        "first_published_at": "2018-02-28T12:00:43.134Z",
        "last_published_at": "2018-02-28T12:00:43.134Z",
        "latest_revision_created_at": "2018-02-28T12:00:43.111Z",
        "live_revision": 11
    }
},
{
    "model": "wagtailcore.page",
    "pk": 15,
    "fields": {
        "path": "00010002000B",
        "depth": 3,
        "numchild": 0,
        "title": "R&D Innovation Case Study - Written",
        "draft_title": "R&D Innovation Case Study - Written",
        "slug": "rd-innovation-case-study-written",
        "content_type": [
            "pir_folder",
            "pirfolderpage"
        ],
        "live": true,
        "has_unpublished_changes": false,
        "url_path": "/pir-all-sections/rd-innovation-case-study-written/",
        "owner": [
            "admin"
        ],
        "seo_title": "",
        "show_in_menus": false,
        "search_description": "",
        "go_live_at": null,
        "expire_at": null,
        "expired": false,
        "locked": false,
        "first_published_at": "2018-02-28T12:01:09.691Z",
        "last_published_at": "2018-02-28T12:01:09.691Z",
        "latest_revision_created_at": "2018-02-28T12:01:09.670Z",
        "live_revision": 12
    }
},
{
    "model": "wagtailcore.page",
    "pk": 16,
    "fields": {
        "path": "00010002000C",
        "depth": 3,
        "numchild": 0,
        "title": "Who's Here?",
        "draft_title": "Who's Here?",
        "slug": "whos-here",
        "content_type": [
            "pir_folder",
            "pirfolderpage"
        ],
        "live": true,
        "has_unpublished_changes": false,
        "url_path": "/pir-all-sections/whos-here/",
        "owner": [
            "admin"
        ],
        "seo_title": "",
        "show_in_menus": false,
        "search_description": "",
        "go_live_at": null,
        "expire_at": null,
        "expired": false,
        "locked": false,
        "first_published_at": "2018-02-28T12:02:49.779Z",
        "last_published_at": "2018-02-28T12:02:49.779Z",
        "latest_revision_created_at": "2018-02-28T12:02:49.753Z",
        "live_revision": 13
    }
},
{
    "model": "wagtailcore.page",
    "pk": 17,
    "fields": {
        "path": "00010002000D",
        "depth": 3,
        "numchild": 0,
        "title": "Video Case Study",
        "draft_title": "Video Case Study",
        "slug": "video-case-study",
        "content_type": [
            "pir_folder",
            "pirfolderpage"
        ],
        "live": true,
        "has_unpublished_changes": false,
        "url_path": "/pir-all-sections/video-case-study/",
        "owner": [
            "admin"
        ],
        "seo_title": "",
        "show_in_menus": false,
        "search_description": "",
        "go_live_at": null,
        "expire_at": null,
        "expired": false,
        "locked": false,
        "first_published_at": "2018-02-28T12:03:07.029Z",
        "last_published_at": "2018-02-28T12:03:07.029Z",
        "latest_revision_created_at": "2018-02-28T12:03:07.006Z",
        "live_revision": 14
    }
},
{
    "model": "wagtailcore.page",
    "pk": 18,
    "fields": {
        "path": "00010002000E",
        "depth": 3,
        "numchild": 0,
        "title": "Services offered by DIT",
        "draft_title": "Services offered by DIT",
        "slug": "services-offered-dit",
        "content_type": [
            "pir_folder",
            "pirfolderpage"
        ],
        "live": true,
        "has_unpublished_changes": false,
        "url_path": "/pir-all-sections/services-offered-dit/",
        "owner": [
            "admin"
        ],
        "seo_title": "",
        "show_in_menus": false,
        "search_description": "",
        "go_live_at": null,
        "expire_at": null,
        "expired": false,
        "locked": false,
        "first_published_at": "2018-02-28T12:03:41.637Z",
        "last_published_at": "2018-02-28T12:03:41.637Z",
        "latest_revision_created_at": "2018-02-28T12:03:41.613Z",
        "live_revision": 15
    }
},
{
    "model": "wagtailcore.page",
    "pk": 19,
    "fields": {
        "path": "00010002000F",
        "depth": 3,
        "numchild": 0,
        "title": "Call to Action",
        "draft_title": "Call to Action",
        "slug": "call-action",
        "content_type": [
            "pir_folder",
            "pirfolderpage"
        ],
        "live": true,
        "has_unpublished_changes": false,
        "url_path": "/pir-all-sections/call-action/",
        "owner": [
            "admin"
        ],
        "seo_title": "",
        "show_in_menus": false,
        "search_description": "",
        "go_live_at": null,
        "expire_at": null,
        "expired": false,
        "locked": false,
        "first_published_at": "2018-02-28T12:03:56.296Z",
        "last_published_at": "2018-02-28T12:03:56.296Z",
        "latest_revision_created_at": "2018-02-28T12:03:56.273Z",
        "live_revision": 16
    }
},
{
    "model": "wagtailcore.page",
    "pk": 20,
    "fields": {
        "path": "00010002000G",
        "depth": 3,
        "numchild": 0,
        "title": "Testimonials",
        "draft_title": "Testimonials",
        "slug": "testimonials",
        "content_type": [
            "pir_folder",
            "pirfolderpage"
        ],
        "live": true,
        "has_unpublished_changes": false,
        "url_path": "/pir-all-sections/testimonials/",
        "owner": [
            "admin"
        ],
        "seo_title": "",
        "show_in_menus": false,
        "search_description": "",
        "go_live_at": null,
        "expire_at": null,
        "expired": false,
        "locked": false,
        "first_published_at": "2018-02-28T12:04:10.166Z",
        "last_published_at": "2018-02-28T12:04:10.166Z",
        "latest_revision_created_at": "2018-02-28T12:04:10.144Z",
        "live_revision": 17
    }
},
{
    "model": "pir_folder.pirfolderpage",
    "pk": 4,
    "fields": {
        "section": null
    }
},
{
    "model": "pir_folder.pirfolderpage",
    "pk": 5,
    "fields": {
        "section": 0
    }
},
{
    "model": "pir_folder.pirfolderpage",
    "pk": 6,
    "fields": {
        "section": 1
    }
},
{
    "model": "pir_folder.pirfolderpage",
    "pk": 7,
    "fields": {
        "section": 2
    }
},
{
    "model": "pir_folder.pirfolderpage",
    "pk": 8,
    "fields": {
        "section": 3
    }
},
{
    "model": "pir_folder.pirfolderpage",
    "pk": 9,
    "fields": {
        "section": 4
    }
},
{
    "model": "pir_folder.pirfolderpage",
    "pk": 10,
    "fields": {
        "section": 5
    }
},
{
    "model": "pir_folder.pirfolderpage",
    "pk": 11,
    "fields": {
        "section": 6
    }
},
{
    "model": "pir_folder.pirfolderpage",
    "pk": 12,
    "fields": {
        "section": 7
    }
},
{
    "model": "pir_folder.pirfolderpage",
    "pk": 13,
    "fields": {
        "section": 8
    }
},
{
    "model": "pir_folder.pirfolderpage",
    "pk": 14,
    "fields": {
        "section": 9
    }
},
{
    "model": "pir_folder.pirfolderpage",
    "pk": 15,
    "fields": {
        "section": 10
    }
},
{
    "model": "pir_folder.pirfolderpage",
    "pk": 16,
    "fields": {
        "section": 11
    }
},
{
    "model": "pir_folder.pirfolderpage",
    "pk": 17,
    "fields": {
        "section": 12
    }
},
{
    "model": "pir_folder.pirfolderpage",
    "pk": 18,
    "fields": {
        "section": 13
    }
},
{
    "model": "pir_folder.pirfolderpage",
    "pk": 19,
    "fields": {
        "section": 14
    }
},
{
    "model": "pir_folder.pirfolderpage",
    "pk": 20,
    "fields": {
        "section": 15
    }
},
{
    "model": "home.homepage",
    "pk": 3,
    "fields": {
        "heading": "",
        "sub_heading": "",
        "hero_image": null
    }
}
]
